{
  "format_version": "1.26.0",
  "minecraft:lighting_settings": {
    "description": {
      "identifier": "opus:default_lighting"
    },
    "directional_lights": {
      "orbital": {
        "sun": {
          "illuminance": {
            "0.0": 0.0,
            "0.2": 10.0,
            "0.25": 85.0,
            "0.3": 140.0,
            "0.5": 220.0,
            "0.7": 140.0,
            "0.75": 85.0,
            "0.8": 10.0,
            "1.0": 0.0
          },
          "color": {
            "0.0": [
              150,
              150,
              150
            ],
            "0.2": [
              255,
              120,
              80
            ],
            "0.25": [
              255,
              180,
              100
            ],
            "0.3": [
              255,
              240,
              220
            ],
            "0.5": [
              255,
              255,
              255
            ],
            "0.7": [
              255,
              240,
              220
            ],
            "0.75": [
              255,
              180,
              100
            ],
            "0.8": [
              255,
              120,
              80
            ],
            "1.0": [
              150,
              150,
              150
            ]
          }
        },
        "moon": {
          "illuminance": {
            "0.750000": 0.0,
            "0.000000": 0.0,
            "0.200000": 0.0,
            "1.000000": 0.0,
            "0.225000": 1.5,
            "0.735000": 1.5
          },
          "color": {
            "0.000000": [
              163,
              182,
              255
            ],
            "1.000000": [
              163,
              182,
              255
            ]
          }
        },
        "orbital_offset_degrees": 0.0
      },
      "flash": {
        "illuminance": 250000.0,
        "color": [
          228,
          93,
          255
        ]
      }
    },
    "emissive": {
      "desaturation": 0.0
    },
    "ambient": {
      "color": "#FFFFFF",
      "illuminance": 0.02
    },
    "sky": {
      "intensity": 1.0
    }
  }
}