{
  "format_version": "1.21.40",
  "minecraft:atmosphere_settings": {
    "description": {
      "identifier": "opus:default_atmospherics"
    },
    "sky_zenith_color": {
      "0.000000": [10, 12, 25],
      "0.200000": [40, 45, 80],
      "0.250000": [180, 120, 160],
      "0.350000": [58, 136, 214],
      "0.500000": [58, 136, 214],
      "0.650000": [58, 136, 214],
      "0.750000": [180, 120, 160],
      "0.800000": [40, 45, 80],
      "1.000000": [10, 12, 25]
    },
    "sky_horizon_color": {
      "0.000000": [15, 18, 35],
      "0.200000": [120, 100, 140],
      "0.250000": [255, 170, 80],
      "0.350000": [127, 204, 239],
      "0.500000": [127, 204, 239],
      "0.650000": [127, 204, 239],
      "0.750000": [255, 170, 80],
      "0.800000": [120, 100, 140],
      "1.000000": [15, 18, 35]
    },
    "rayleigh_strength": {
      "0.000000": 8.0,
      "0.250000": 12.0,
      "0.500000": 15.0,
      "0.750000": 12.0,
      "1.000000": 8.0
    },
    "sun_mie_strength": {
      "0.000000": 0.0,
      "0.250000": 5.0,
      "0.500000": 2.0,
      "0.750000": 5.0,
      "1.000000": 0.0
    },
    "moon_mie_strength": {
      "0.000000": 0.5,
      "1.000000": 0.5
    },
    "sun_glare_shape": {
      "0.000000": 4.0,
      "0.250000": 25.0,
      "0.500000": 10.0,
      "0.750000": 25.0,
      "1.000000": 4.0
    },
    "horizon_blend_stops": {
      "min": { "0.0": 0.0, "1.0": 0.0 },
      "start": {
        "0.0": 0.8,
        "0.25": 0.4,
        "0.5": 0.6,
        "0.75": 0.4,
        "1.0": 0.8
      },
      "mie_start": { "0.0": 0.5, "1.0": 0.5 },
      "max": { "0.0": 0.25, "1.0": 0.25 }
    },
    "sun_intensity": {
      "0.0": 0.0,
      "0.25": 1.2,
      "0.5": 1.5,
      "0.75": 1.2,
      "1.0": 0.0
    },
    "moon_intensity": {
      "0.0": 0.8,
      "0.25": 0.0,
      "0.75": 0.0,
      "1.0": 0.8
    },
    "sun_color": [255, 245, 220],
    "moon_color": [200, 220, 255],
    "sun_angular_radius": 4.5,
    "moon_angular_radius": 3.0,
    "sun_moon_texture_path": "textures/environment/sun.tga",
    "sun_moon_texture_opacity": 0.8
  }
}
