{
  "format_version": "1.21.40",
  "minecraft:atmosphere_settings": {
    "description": {
      "identifier": "opus:default_atmospherics"
    },
    "sky_zenith_color": {
      "0.000000": [
        10,
        15,
        30
      ],
      "0.200000": [
        30,
        40,
        70
      ],
      "0.250000": [
        98,
        69,
        142
      ],
      "0.350000": [
        74,
        145,
        217
      ],
      "0.500000": [
        74,
        145,
        217
      ],
      "0.650000": [
        74,
        145,
        217
      ],
      "0.750000": [
        98,
        69,
        142
      ],
      "0.800000": [
        30,
        40,
        70
      ],
      "1.000000": [
        10,
        15,
        30
      ]
    },
    "sky_horizon_color": {
      "0.000000": [
        20,
        30,
        50
      ],
      "0.200000": [
        100,
        100,
        150
      ],
      "0.250000": [
        255,
        234,
        104
      ],
      "0.350000": [
        138,
        195,
        222
      ],
      "0.500000": [
        138,
        195,
        222
      ],
      "0.650000": [
        138,
        195,
        222
      ],
      "0.750000": [
        255,
        234,
        104
      ],
      "0.800000": [
        100,
        100,
        150
      ],
      "1.000000": [
        20,
        30,
        50
      ]
    },
    "rayleigh_strength": {
      "0.000000": 10.0,
      "0.138743": 10.0,
      "0.250000": 5.0,
      "0.330402": 5.0,
      "0.640704": 5.0,
      "0.717412": 5.0,
      "0.929310": 10.0,
      "1.000000": 10.0
    },
    "sun_mie_strength": {
      "0.000000": 0.0,
      "0.200000": 1.0,
      "0.250000": 3.0,
      "0.300000": 1.5,
      "0.400000": 1.0,
      "0.600000": 1.0,
      "0.700000": 1.5,
      "0.750000": 3.0,
      "0.800000": 1.0,
      "1.000000": 0.0
    },
    "moon_mie_strength": {
      "0.000000": 0.0,
      "1.000000": 0.0
    },
    "sun_glare_shape": {
      "0.000000": 4.0,
      "0.200000": 8.0,
      "0.250000": 15.0,
      "0.300000": 10.0,
      "0.400000": 4.0,
      "0.600000": 4.0,
      "0.700000": 10.0,
      "0.750000": 15.0,
      "0.800000": 8.0,
      "1.000000": 4.0
    },
    "horizon_blend_stops": {
      "min": {
        "0.000000": 0.0,
        "1.000000": 0.0
      },
      "start": {
        "0.000000": 0.800000011920929,
        "0.250000": 0.5,
        "0.300912": 0.25,
        "0.750000": 0.25,
        "0.827004": 0.5,
        "1.000000": 0.800000011920929
      },
      "mie_start": {
        "0.000000": 0.5,
        "0.100000": 0.5,
        "0.200000": 1.0,
        "0.800000": 1.0,
        "0.900000": 0.5,
        "1.000000": 0.5
      },
      "max": {
        "0.000000": 0.25,
        "1.000000": 0.25
      }
    },
    "sun_intensity": {
      "0.000000": 0.0,
      "0.200000": 0.0,
      "0.250000": 1.0,
      "0.350000": 1.0,
      "0.500000": 1.0,
      "0.650000": 1.0,
      "0.750000": 1.0,
      "0.800000": 0.0,
      "1.000000": 0.0
    },
    "moon_intensity": {
      "0.000000": 1.0,
      "0.200000": 1.0,
      "0.250000": 0.0,
      "0.750000": 0.0,
      "0.800000": 1.0,
      "1.000000": 1.0
    },
    "sun_color": [
      255,
      255,
      255
    ],
    "moon_color": [
      255,
      255,
      255
    ],
    "sun_angular_radius": 3.5,
    "moon_angular_radius": 3.5,
    "sun_moon_texture_path": "textures/environment/sun.tga",
    "sun_moon_texture_opacity": 1.0
  }
}