{
  "format_version": "1.21.40",
  "minecraft:atmosphere_settings": {
    "description": {
      "identifier": "opus:default_atmospherics"
    },
    "sky_zenith_color": {
      "0.000000": [0, 120, 240],
      "0.150000": [60, 140, 240],
      "0.200000": [60, 140, 240],
      "0.250000": [180, 120, 160],
      "0.300000": [40, 50, 90],
      "0.400000": [20, 30, 60],
      "0.500000": [10, 20, 56],
      "0.600000": [20, 30, 60],
      "0.700000": [40, 50, 90],
      "0.750000": [180, 120, 160],
      "0.800000": [60, 140, 240],
      "0.850000": [60, 140, 240],
      "1.000000": [0, 120, 240]
    },
    "sky_horizon_color": {
      "0.000000": [100, 220, 255],
      "0.150000": [150, 230, 255],
      "0.200000": [150, 230, 255],
      "0.250000": [255, 170, 80],
      "0.300000": [120, 100, 140],
      "0.400000": [30, 40, 70],
      "0.500000": [31, 49, 94],
      "0.600000": [30, 40, 70],
      "0.700000": [120, 100, 140],
      "0.750000": [255, 170, 80],
      "0.800000": [150, 230, 255],
      "0.850000": [150, 230, 255],
      "1.000000": [100, 220, 255]
    },
    "rayleigh_strength": {
      "0.000000": 1.0,
      "0.200000": 1.5,
      "0.250000": 2.0,
      "0.300000": 1.5,
      "0.400000": 1.0,
      "0.500000": 1.0,
      "0.600000": 1.0,
      "0.700000": 1.5,
      "0.750000": 2.0,
      "0.800000": 1.5,
      "1.000000": 1.0
    },
    "sun_mie_strength": {
      "0.000000": 0.0,
      "0.250000": 4.0,
      "0.350000": 1.5,
      "0.500000": 1.0,
      "0.650000": 1.5,
      "0.750000": 4.0,
      "1.000000": 0.0
    },
    "moon_mie_strength": {
      "0.000000": 0.2,
      "1.000000": 0.2
    },
    "sun_glare_shape": {
      "0.000000": 4.0,
      "0.250000": 15.0,
      "0.500000": 6.0,
      "0.750000": 15.0,
      "1.000000": 4.0
    },
    "horizon_blend_stops": {
      "min": { "0.0": 0.0, "1.0": 0.0 },
      "start": {
        "0.0": 0.8,
        "0.25": 0.4,
        "0.5": 0.6,
        "0.75": 0.4,
        "1.0": 0.8
      },
      "mie_start": { "0.0": 0.5, "1.0": 0.5 },
      "max": { "0.0": 0.25, "1.0": 0.25 }
    },
    "sun_intensity": {
      "0.0": 0.0,
      "0.200000": 0.0,
      "0.250000": 1.2,
      "0.500000": 1.2,
      "0.750000": 1.2,
      "0.800000": 0.0,
      "1.000000": 0.0
    },
    "moon_intensity": {
      "0.0": 1.0,
      "0.200000": 1.0,
      "0.250000": 0.0,
      "0.750000": 0.0,
      "0.800000": 1.0,
      "1.000000": 1.0
    },
    "sun_color": [255, 250, 230],
    "moon_color": [220, 230, 255],
    "sun_angular_radius": 4.0,
    "moon_angular_radius": 3.5,
    "sun_moon_texture_path": "textures/environment/sun.tga",
    "sun_moon_texture_opacity": 1.0
  }
}
